series_id,forecast
451,5.61,4.68;4.98,4.35;4.48,3.95;4.25,3.45;4.2,3.05;4.25,2.7;4.25,2.4;4.25,2.1;4.25,1.8;4.25,1.5;4.25,1.2;4.25,1.0;4.25,0.8;4.25,0.6;4.25,0.4;4.25,0.2;4.25,0.0;4.25,0.0;4.25,0.0;4.25,0.0;4.25,0.0;4.25,0.0;4.25,0.0;4.25,0.0;4.25,0.0;4.25,0.0;4.25,0.0;4.25,0.0;4.25
672,6.1,2.88;5.73,2.71;5.3,2.52;5.03,2.28;4.7,2.01;4.33,1.82;4.03,1.63;3.73,1.44;3.4,1.25;3.13,1.06;2.83,0.88;2.53,0.7;2.23,0.55;1.93,0.4;1.63,0.35;1.33,0.28;1.03,0.21;0.73,0.14;0.43,0.08;0.13,0.03;0.03,0.01;0.01,0.005;0.005,0.001;0.001,0.0005;0.0005,0.0001;0.0001
168,5.67,2.48;5.18,2.26;4.39,2.08;4.17,1.65;4.37,1.36;4.93,1.18;5.81,1.09;6.98,1.21;8.36,1.1;9.78,1.21;10.98,1.44;11.61,1.79;11.4,2.26;10.28,2.75;8.59,3.09;6.91,3.13;5.67,2.88;4.99,2.48;4.77,2.08;4.94,1.73;5.44,1.48;6.21,1.33;7.21,1.26;8.35,1.28;9.46,1.39;10.32,1.
59,1.34,8.16;0.83,7.04;0.7,6.1;0.62,5.1;0.6,4.2;0.62,3.4;0.67,2.23;0.75,1.81;0.87,1.49;1.05,1.23;1.27,1.03;1.58,0.87;1.97,0.76;2.48,0.67;3.14,0.62;3.98,0.6;5.04,0.6;6.34,0.65;7.89,0.76;9.67,0.96;11.53,1.33;13.17,2.0;14.0,3.19;13.21,5.11;10.48,7.55;6.85,9.5;3.96,1
223,9.55,3.27;9.58,3.27;9.61,3.27;9.64,3.27;9.66,3.27;9.68,3.27;9.7,3.27;9.72,3.27;9.75,3.27;9.78,3.27;9.8,3.27;9.82,3.27;9.85,3.27;9.88,3.27;9.9,3.27;9.92,3.27;9.95,3.27;9.98,3.27;10.01,3.27;10.04,3.27;10.07,3.27;10.1,3.27;10.13,3.27;10.16,3.27;10.2,3.27;10.23,3.
632,8.14,1.38;8.45,1.38;8.77,1.38;9.01,1.38;9.23,1.38;9.46,1.38;9.68,1.38;9.9,1.38;10.13,1.38;10.36,1.38;10.58,1.38;10.76,1.38;10.98,1.38;11.1,1.38;11.28,1.38;11.4,1.38;11.58,1.38;11.76,1.38;11.98,1.38;12.13,1.38;12.24,1.38;12.37,1.38;12.5,1.38;12.68,1.38;12.81,1.
830,3.02,4.63;2.9,3.98;2.8,3.34;2.95,2.78;3.21,2.2;3.58,1.88;4.15,1.84;4.92,1.81;5.9,1.79;7.06,1.83;8.35,1.95;9.63,2.2;10.71,2.59;11.34,3.14;11.28,3.85;10.4,4.64;8.83,5.35;6.99,5.76;5.32,5.74;4.11,5.33;3.35,4.7;2.95,4.02;2.82,3.39;2.9,2.86;3.17,2.43;3.63,2.11;4.29
982,4.38,2.25;4.73,2.01;5.06,1.77;5.5,1.53;5.83,1.38;6.23,1.25;6.52,1.15;6.9,1.03;7.29,0.93;7.67,0.85;8.06,0.81;8.4,0.75;8.73,0.71;9.06,0.68;9.36,0.65;9.69,0.62;9.97,0.6;10.26,0.58;10.58,0.54;10.95,0.5;11.47,0.52;11.19,0.48;11.36,0.44;11.47,0.4;11.47,0.38;11.47,0.
278,12.38,0.54;13.75,0.66;12.88,0.78;11.58,0.9;10.54,1.04;11.14,1.22;8.91,1.24;5.88,1.28;3.61,1.32;2.46,1.36;2.02,1.42;1.96,1.46;2.17,1.52;2.63,1.56;3.37,1.58;4.44,1.6;5.93,1.62;7.84,1.64;10.07,1.68;12.24,1.72;13.51,1.84;12.66,2.06;9.2,2.08;5.14,2.1;2.75,2.12;1.77
728,8.71,6.5;8.68,6.49;8.65,6.45;8.62,6.41;8.59,6.38;8.56,6.35;8.53,6.31;8.50,6.28;8.47,6.25;8.44,6.22;8.41,6.20;8.38,6.18;8.36,6.16;8.34,6.14;8.32,6.12;8.30,6.10;8.28,6.08;8.26,6.06;8.24,6.04;8.22,6.02;8.20,6.00;8.18,5.98;8.16,5.96;8.14,5.94;8.12,5.92;8.10,5.90;8
164,9.33,2.23;9.35,2.23;9.37,2.23;9.39,2.23;9.41,2.23;9.43,2.23;9.45,2.23;9.47,2.23;9.49,2.23;9.51,2.23;9.53,2.23;9.55,2.23;9.57,2.23;9.59,2.23;9.61,2.23;9.63,2.23;9.65,2.23;9.67,2.23;9.69,2.23;9.71,2.23;9.73,2.23;9.75,2.23;9.77,2.23;9.79,2.23;9.81,2.23;9.83,2.23;
64,9.25,0.38;10.6,0.42;11.8,0.55;12.9,0.79;13.41,1.16;13.12,1.74;11.8,2.5;9.52,3.3;6.86,3.79;4.64,3.7;3.24,3.15;2.51,2.44;2.19,1.81;2.13,1.32;2.23,0.97;2.48,0.72;2.86,0.55;3.37,0.44;4.02,0.37;4.82,0.33;5.77,0.31;6.87,0.32;8.08,0.35;9.25,0.38;10.6,0.42;11.8,0.55;1
259,9.1,1.04;11.3,1.23;13.6,1.44;15.5,1.65;16.3,1.86;14.9,2.06;11.2,2.28;7.15,2.56;4.32,2.83;2.81,2.2;1.72,1.73;1.6,1.38;1.63,1.13;1.77,1.02;2.02,0.96;2.4,0.85;2.92,0.8;3.61,0.76;4.52,0.71;5.69,0.65;7.15,0.69;8.92,0.71;10.94,0.78;13.05,0.85;14.83,0.89;15.54,0.97;1
707,7.86,0.59;7.94,0.6;8.02,0.61;8.08,0.62;8.14,0.63;8.2,0.64;8.24,0.65;8.28,0.66;8.32,0.67;8.36,0.68;8.4,0.69;8.44,0.7;8.48,0.71;8.52,0.72;8.56,0.73;8.6,0.74;8.64,0.75;8.68,0.76;8.72,0.77;8.76,0.78;8.8,0.79;8.84,0.8;8.88,0.81;8.92,0.82;8.96,0.83;9.0,0.84;9.04,0.8
94,1.53,1.3;1.47,1.1;1.41,0.9;1.35,0.7;1.3,0.5;1.25,0.3;1.2,0.1;1.15,0.05;1.1,0.01;1.05,0.005;1.0,0.001;0.95,0.0005;0.9,0.0001;0.85,0.00005;0.8,0.00001;0.75,0.000005;0.7,0.00001;0.65,0.000001;0.6,0.000005;0.55,0.0000005;0.5,0.00001;0.45,0.0000001;0.4,0.000005;0.3
608,3.05,2.6;2.41,2.2;2.48,1.8;2.65,1.5;3.05,1.2;3.62,1.0;4.38,0.8;5.35,0.7;6.5,0.6;7.8,0.6;9.14,0.7;10.34,1.0;11.2,1.27;11.48,1.63;10.98,2.08;9.68,2.57;7.83,2.96;5.9,3.13;4.33,3.0;3.29,2.66;2.72,2.23;2.46,1.82;2.44,1.47;2.61,1.2;2.94,0.99;3.46,0.85;4.16,0.75;5.07
657,2.23,3.14;1.96,2.7;1.83,2.34;1.79,2.04;1.83,1.7;1.95,1.44;2.12,1.2;2.37,0.98;2.7,0.81;3.1,0.64;3.6,0.57;4.2,0.51;4.92,0.47;5.75,0.45;6.69,0.43;7.73,0.41;8.85,0.39;9.98,0.37;11.04,0.35;11.91,0.32;12.43,0.3;12.42,0.24;11.73,0.18;10.35,0.12;8.5,0.08;6.54,0.06;4.8
998,7.94,0.26;9.38,0.28;10.89,0.31;12.1,0.43;13.0,0.55;13.38,0.71;13.0,1.13;11.68,2.09;9.45,2.72;6.81,3.14;4.52,3.11;3.04,2.68;2.26,2.09;1.9,1.55;1.8,1.12;1.87,0.81;2.07,0.6;2.39,0.45;2.84,0.35;3.42,0.29;4.16,0.25;5.06,0.23;6.11,0.23;7.31,0.24;8.61,0.28;9.95,0.34;
781,11.02,3.23;8.84,3.96;6.4,4.36;4.44,4.28;3.19,3.84;2.48,3.26;2.14,2.67;2.02,2.16;2.06,1.75;2.25,1.42;2.58,1.18;3.06,1.0;3.72,0.88;4.57,0.8;5.66,0.78;6.96,0.8;8.44,0.89;9.99,1.05;11.38,1.34;12.28,1.78;12.28,2.42;11.02,3.23;8.84,3.96;6.4,4.36;4.44,4.28;3.19,3.84;
954,8.18,4.41;7.55,4.59;7.03,4.78;6.41,4.96;5.88,5.14;5.3,5.31;4.85,5.48;4.4,5.63;4.15,5.78;3.8,5.92;3.55,6.06;3.2,6.19;2.85,6.32;2.5,6.44;2.25,6.56;2.05,6.68;1.8,6.8;1.55,6.92;1.25,7.06;1.05,7.2;0.8,7.34;0.55,7.48;0.3,7.62;0.15,7.76;0.05,7.88;0.01,7.98;0.01,8.08;
541,5.58,0.9;7.17,0.8;9.27,0.7;11.26,0.6;12.8,0.5;13.11,0.4;11.56,0.3;8.52,0.2;5.47,0.1;3.5,0.1;2.51,0.1;2.09,0.1;2.01,0.1;2.16,0.1;2.53,0.1;3.14,0.1;4.05,0.1;5.32,0.1;7.01,0.1;9.12,0.1;11.47,0.1;13.58,0.1;14.56,0.1;13.38,0.1;9.94,0.1;6.06,0.1;3.52,0.1;2.3,0.1;1.7
809,0.58,4.55;0.41,3.25;0.31,2.38;0.25,1.75;0.21,1.18;0.19,0.83;0.17,0.55;0.15,0.33;0.14,0.18;0.13,0.12;0.12,0.09;0.11,0.06;0.10,0.04;0.09,0.03;0.08,0.02;0.07,0.01;0.06,0.01;0.05,0.01;0.04,0.01;0.03,0.01;0.02,0.01;0.01,0.01;0.01,0.01;0.01,0.01;0.01,0.01;0.01,0.01;
911,16.96,3.41;16.96,4.41;16.96,5.41;16.96,6.41;16.96,7.41;16.96,8.41;16.96,9.41;16.96,10.41;16.96,11.41;16.96,12.41;16.96,13.41;16.96,14.41;16.96,15.41;16.96,16.41;16.96,17.41;16.96,18.41;16.96,19.41;16.96,20.41;16.96,21.41;16.96,22.41;16.96,23.41;16.96,24.41;16.
516,3.7,0.21;4.63,0.16;5.74,0.12;7.03,0.1;8.49,0.09;10.06,0.08;11.64,0.08;13.08,0.08;14.12,0.08;14.41,0.08;13.47,0.09;11.02,0.09;7.55,0.12;4.47,0.14;2.63,0.16;1.75,0.19;1.36,0.22;1.22,0.24;1.22,0.26;1.32,0.28;1.51,0.31;1.78,0.33;2.16,0.35;2.64,0.37;3.26,0.39;4.02,
99,3.9,0.9;3.1,0.8;2.3,0.7;1.5,0.6;0.8,0.5;0.5,0.4;0.3,0.3;0.2,0.2;0.1,0.1;0.1,0.1;0.1,0.1;0.1,0.1;0.1,0.1;0.1,0.1;0.1,0.1;0.1,0.1;0.1,0.1;0.1,0.1;0.1,0.1;0.1,0.1;0.1,0.1;0.1,0.1;0.1,0.1;0.1,0.1;0.1,0.1;0.1,0.1;0.1,0.1;0.1,0.1;0.1,0.1;0.1,0.1;0.1,0.1;0.1,0.1;0.1,
476,3.08,4.16;2.75,3.87;2.4,3.58;2.05,3.34;1.7,3.14;1.3,3.01;1.05,2.95;1.02,2.96;1.01,2.97;1.01,2.98;1.01,2.99;1.01,3.00;1.01,3.01;1.01,3.02;1.01,3.03;1.01,3.04;1.01,3.05;1.01,3.06;1.01,3.07;1.01,3.08;1.01,3.09;1.01,3.10;1.01,3.11;1.01,3.12;1.01,3.13;1.01,3.14;1.0
555,5.07,0.22;6.05,0.21;7.19,0.22;8.48,0.25;9.89,0.31;11.35,0.41;12.72,0.6;13.77,0.92;14.05,1.47;13.32,2.32;11.06,3.4;7.94,4.28;5.12,4.41;3.34,3.85;2.42,3.0;2.01,2.23;1.84,1.6;1.84,1.15;1.97,0.83;2.21,0.61;2.54,0.45;2.98,0.35;3.54,0.29;4.23,0.24;5.07,0.22;6.05,0.2
607,5.6,3.9;4.05,4.2;2.5,4.6;1.5,4.9;0.5,5.2;0.2,5.5;0.2,5.7;0.2,5.9;0.2,6.1;0.2,6.3;0.2,6.5;0.2,6.7;0.2,6.9;0.2,7.1;0.2,7.3;0.2,7.5;0.2,7.7;0.2,7.9;0.2,8.1;0.2,8.3;0.2,8.5;0.2,8.7;0.2,8.9;0.2,9.1;0.2,9.3;0.2,9.5;0.2,9.7;0.2,9.9;0.2,10.1;0.2,10.3;0.2,10.5;0.2,10.7
731,10.06,2.54;11.48,2.76;12.84,3.02;14.28,3.34;14.71,3.66;13.95,3.98;12.28,4.3;10.61,4.54;8.18,4.94;6.93,5.32;5.17,5.79;4.02,6.26;3.34,6.84;2.98,7.2;2.84,7.61;2.87,8.06;3.05,8.48;3.37,8.83;3.84,9.28;4.48,9.72;5.32,10.14;6.36,10.61;7.61,11.09;9.06,11.59;10.61,12.1
71,8.25,2.32;6.5,2.6;4.3,2.9;3.2,3.2;2.8,3.5;2.5,3.8;2.2,4.1;2.0,4.4;1.8,4.7;1.6,5.0;1.4,5.3;1.2,5.6;1.0,5.9;0.8,6.2;0.6,6.5;0.4,6.8;0.2,7.1;0.0,7.4;0.0,7.7;0.0,8.0;0.0,8.3;0.0,8.6;0.0,9.0;0.0,9.3;0.0,9.6;0.0,10.0;0.0,10.3;0.0,10.6;0.0,11.0;0.0,11.3;0.0,11.6;0.0,
212,6.26,1.68;8.94,2.43;11.53,3.49;12.32,4.45;11.41,5.33;8.94,4.45;6.3,4.66;4.56,4.11;3.74,3.26;3.54,2.49;3.78,1.91;4.38,1.51;5.33,1.28;6.65,1.18;8.26,1.23;9.98,1.45;11.36,1.91;11.69,2.67;10.49,3.64;8.17,4.35;5.94,4.37;4.55,3.79;3.92,3.04;3.82,2.37;4.13,1.86;4.79,
236,0.62,1.01;0.71,0.81;0.86,0.68;1.07,0.57;1.36,0.5;1.77,0.43;2.33,0.37;3.09,0.31;4.1,0.25;5.43,0.29;7.12,0.27;9.21,0.33;11.61,0.45;14.08,0.55;16.0,0.67;16.28,0.85;13.63,0.95;8.48,1.05;3.97,1.15;1.77,1.25;0.91,1.36;0.57,1.49;0.43,1.63;0.37,1.77;0.37,1.91;0.39,2.0
585,7.88,1.06;8.16,1.03;8.44,0.99;8.72,0.95;9.01,0.91;9.28,0.88;9.56,0.85;9.84,0.82;10.12,0.8;10.38,0.78;10.56,0.74;10.74,0.7;10.89,0.68;11.05,0.66;11.21,0.64;11.37,0.62;11.53,0.6;11.69,0.58;11.85,0.56;12.01,0.54;12.17,0.52;12.33,0.5;12.49,0.48;12.65,0.46;12.79,0.
351,11.18,2.6;10.8,3.1;10.1,3.6;9.5,4.1;9.0,4.6;8.5,5.1;8.0,5.6;7.5,6.1;7.0,6.6;6.5,7.1;6.0,7.6;5.5,8.1;5.0,8.6;4.5,9.1;4.0,9.6;3.5,10.1;3.0,10.6;2.5,11.1;2.0,11.6;1.5,12.1;1.0,12.6;0.5,13.1;0.0,13.6;0.0,14.1;0.0,14.6;0.0,15.1;0.0,15.6;0.0,16.1;0.0,16.6;0.0,17.1;0
806,10.64,5.12;11.12,5.83;11.81,6.54;11.7,7.33;10.74,7.3;9.23,7.52;7.64,7.52;6.33,7.3;5.46,6.79;4.99,6.15;4.87,5.51;5.05,4.94;5.5,4.49;6.23,4.17;7.19,4.0;8.35,4.0;9.57,4.18;10.64,5.12;11.29,5.83;11.81,6.54;11.7,7.33;10.74,7.3;9.23,7.52;7.64,7.52;6.33,7.3;5.46,6.79
235,9.25,2.48;10.3,2.55;11.4,2.63;12.5,2.72;12.9,2.86;13.1,2.98;13.3,3.1;13.5,3.24;13.7,3.32;13.9,3.4;14.1,3.48;14.3,3.56;14.5,3.64;14.7,3.72;14.9,3.8;15.1,3.88;15.3,3.96;15.5,4.04;15.7,4.12;15.9,4.2;16.1,4.28;16.3,4.36;16.5,4.44;16.7,4.52;16.9,4.58;17.1,4.64;17.3
578,3.85,7.38;3.2,6.18;2.85,5.04;2.77,4.08;2.89,3.27;3.2,2.55;3.69,2.15;4.39,1.98;5.33,1.92;6.52,1.85;7.95,1.81;9.56,1.78;11.14,1.75;12.35,1.72;12.68,1.69;11.71,1.66;9.63,1.63;7.22,1.60;5.27,1.57;4.0,1.53;3.29,1.49;2.96,1.45;2.88,1.41;3.01,1.39;3.33,1.37;3.83,1.35
387,7.78,0.7;8.28,0.7;8.78,0.7;9.28,0.7;9.78,0.7;10.28,0.7;10.78,0.7;11.28,0.7;11.78,0.7;12.28,0.7;12.78,0.7;13.28,0.7;13.78,0.7;14.28,0.7;14.78,0.7;15.28,0.7;15.78,0.7;16.28,0.7;16.78,0.7;17.28,0.7;17.78,0.7;18.28,0.7;18.78,0.7;19.28,0.7;19.78,0.7;20.28,0.7;20.78
336,3.1,0.07;3.52,0.05;4.01,0.04;4.16,0.03;4.81,0.02;5.01,0.01;5.26,0.01;5.58,0.01;5.88,0.01;6.13,0.01;6.49,0.01;6.88,0.01;7.29,0.01;7.57,0.01;7.88,0.01;8.18,0.01;8.49,0.01;8.88,0.01;9.18,0.01;9.88,0.01;10.88,0.01;11.21,0.01;12.5,0.01;13.76,0.01;14.26,0.01;14.78,0
19,3.46,0.96;4.53,0.81;6.02,0.78;7.85,0.83;9.81,1.09;11.25,1.53;11.34,2.27;9.53,3.19;6.63,3.78;4.26,3.62;3.01,2.96;2.55,2.24;2.57,1.66;2.95,1.25;3.46,0.96;4.53,0.81;6.02,0.78;7.85,0.83;9.81,1.09;11.25,1.53;11.34,2.27;9.53,3.19;6.63,3.78;4.26,3.62;3.01,2.96;2.55,2
559,0.75,1.41;0.98,1.25;1.31,1.13;1.63,1.09;1.94,1.05;2.27,1.02;2.59,1.01;2.82,1.01;3.13,1.01;3.45,1.01;3.77,1.01;4.09,1.01;4.41,1.01;4.73,1.01;5.05,1.01;5.37,1.01;5.69,1.01;5.91,1.01;6.13,1.01;6.38,1.01;6.60,1.01;6.82,1.01;7.04,1.01;7.26,1.01;7.48,1.01;7.70,1.01;
141,2.68,5.87;2.14,4.29;1.91,3.14;1.88,2.38;1.88,1.78;1.88,1.18;1.88,0.6;1.88,0.1;1.88,0.1;1.88,0.1;1.88,0.1;1.88,0.1;1.88,0.1;1.88,0.1;1.88,0.1;1.88,0.1;1.88,0.1;1.88,0.1;1.88,0.1;1.88,0.1;1.88,0.1;1.88,0.1;1.88,0.1;1.88,0.1;1.88,0.1;1.88,0.1;1.88,0.1;1.88,0.1;1.
68,2.73,4.27;2.78,3.45;3.3,2.65;3.61,2.09;4.28,1.74;5.5,1.57;7.08,1.58;8.89,1.79;10.55,2.27;11.47,3.12;10.97,4.34;8.94,5.6;6.34,6.19;4.37,5.77;3.32,4.79;2.92,3.75;2.96,2.9;3.35,2.28;4.07,1.88;5.16,1.66;6.6,1.62;8.3,1.77;9.99,2.16;11.13,2.88;11.06,3.97;9.48,5.22;7
458,0.81,1.03;1.14,0.94;1.57,0.93;2.21,0.92;3.13,0.91;4.42,0.9;6.14,0.88;8.28,0.86;10.55,0.84;12.23,0.82;12.1,0.78;9.32,0.76;5.3,0.74;2.48,0.72;1.19,0.68;0.66,0.66;0.44,0.64;0.34,0.62;0.31,0.6;0.31,0.58;0.34,0.56;0.41,0.54;0.51,0.52;0.68,0.5;1.3,0.48;1.86,0.4;2.68
738,0.88,1.04;0.94,0.71;0.94,0.43;1.02,0.25;1.04,0.13;1.07,0.06;1.18,0.03;1.36,0.01;1.6,0.01;1.93,0.01;2.35,0.01;2.88,0.01;3.55,0.01;4.39,0.01;5.42,0.01;6.68,0.01;8.2,0.01;9.98,0.01;11.98,0.01;14.03,0.01;15.75,0.01;16.28,0.01;14.45,0.01;10.15,0.01;5.72,0.01;3.07,0
903,2.14,0.63;2.12,0.46;2.1,0.3;2.08,0.22;1.96,0.14;1.88,0.08;1.84,0.04;1.8,0.02;1.78,0.01;1.76,0.01;1.74,0.01;1.72,0.01;1.7,0.01;1.68,0.01;1.66,0.01;1.64,0.01;1.62,0.01;1.6,0.01;1.58,0.01;1.56,0.01;1.54,0.01;1.52,0.01;1.5,0.01;1.48,0.01;1.46,0.01;1.44,0.01;1.42,0
999,7.83,6.12;6.57,6.12;5.7,5.63;5.24,4.97;5.14,4.32;5.35,3.77;5.82,3.36;6.53,3.1;7.42,3.01;8.41,3.08;9.34,3.34;10.01,3.78;10.2,4.39;9.8,5.07;8.89,5.64;7.83,6.12;6.57,6.12;5.7,5.63;5.24,4.97;5.14,4.32;5.35,3.77;5.82,3.36;6.53,3.1;7.42,3.01;8.41,3.08;9.34,3.34;10.0
308,8.17,2.73;7.58,2.84;7.01,2.91;6.41,3.05;6.08,3.19;5.71,3.31;5.39,3.53;5.11,3.67;4.96,3.82;4.97,3.98;4.96,4.12;4.96,4.26;4.96,4.4;4.96,4.54;4.96,4.68;4.96,4.82;4.96,4.96;4.96,5.09;4.96,5.22;4.96,5.35;4.96,5.48;4.96,5.61;4.96,5.74;4.96,5.87;4.96,5.99;4.96,6.12;4
524,2.58,5.37;1.67,4.93;1.19,4.75;0.99,4.53;0.87,4.35;0.84,4.16;0.87,3.97;0.94,3.8;0.87,3.63;0.91,3.37;0.96,3.11;1.05,2.83;1.21,2.56;1.4,2.31;1.66,2.12;1.97,1.93;2.35,1.74;2.82,1.56;3.38,1.39;4.07,1.23;4.88,1.06;5.86,0.99;7.0,0.87;8.34,0.84;9.87,0.81;11.57,0.78;13
361,9.32,2.75;9.28,2.77;9.24,2.79;9.21,2.81;9.18,2.83;9.15,2.85;9.12,2.87;9.09,2.89;9.06,2.91;9.04,2.93;9.02,2.95;9.01,2.97;8.99,2.99;8.97,3.01;8.95,3.03;8.93,3.05;8.91,3.07;8.89,3.09;8.88,3.11;8.87,3.13;8.86,3.15;8.85,3.17;8.84,3.19;8.83,3.21;8.82,3.23;8.81,3.25;
565,9.08,5.58;9.55,5.53;9.99,5.49;10.36,5.49;10.43,5.48;10.3,5.46;9.99,5.44;9.54,5.42;9.02,5.4;8.49,5.38;8.03,5.32;7.67,5.28;7.44,5.24;7.34,5.18;7.38,5.12;7.54,5.06;7.81,4.99;8.18,4.95;8.61,4.91;9.06,4.87;9.5,4.83;9.87,4.79;10.13,4.75;10.23,4.71;10.16,4.67;9.93,4.
975,3.08,2.4;2.83,2.04;2.66,1.7;2.61,1.46;2.67,1.1;2.85,0.98;2.66,0.9;2.61,0.85;2.67,0.82;2.83,0.81;2.66,0.8;2.61,0.75;2.67,0.7;2.83,0.65;2.66,0.6;2.61,0.55;2.67,0.5;2.83,0.45;2.66,0.4;2.61,0.35;2.67,0.3;2.83,0.25;2.66,0.2;2.61,0.15;2.67,0.1;2.83,0.05;2.66,0.05;2.
54,5.04,0.42;5.61,0.44;6.45,0.46;7.59,0.48;8.79,0.5;10.0,0.52;11.12,0.54;12.09,0.56;12.82,0.58;13.21,0.6;13.17,0.62;12.61,0.64;11.47,0.66;9.81,0.68;7.84,0.7;5.93,0.72;4.41,0.74;3.4,0.76;2.82,0.78;2.55,0.8;2.48,0.84;2.57,0.88;2.8,0.92;3.14,0.96;3.6,1.0;4.18,1.02;4
915,6.4,4.08;6.78,3.9;7.05,3.78;7.34,3.6;7.61,3.48;7.88,3.3;8.05,3.11;8.23,3.09;8.66,3.05;6.31,2.99;4.94,2.93;4.03,2.85;3.46,2.81;3.16,2.75;3.05,2.71;3.09,2.65;3.27,2.61;3.59,2.58;4.05,2.55;4.67,2.53;5.45,2.51;6.4,2.49;7.5,2.47;8.72,2.45;9.98,2.43;11.18,2.41;12.18
293,1.58,0.36;1.69,0.29;1.81,0.21;2.07,0.17;2.3,0.13;2.55,0.11;2.88,0.1;3.21,0.12;3.55,0.14;3.88,0.16;4.21,0.18;4.74,0.2;5.74,0.22;6.86,0.29;8.07,0.33;9.31,0.36;10.52,0.4;11.61,0.49;12.48,0.61;12.99,0.81;13.01,0.91;12.37,1.32;10.94,1.86;8.75,2.45;6.19,2.88;3.94,2.
744,8.06,5.58;7.43,5.86;6.48,6.14;5.78,6.42;5.34,6.78;5.13,7.06;5.12,7.34;5.29,7.62;5.63,7.9;6.11,8.24;6.72,8.56;7.43,8.88;8.19,9.12;8.93,9.36;9.56,9.58;9.95,9.8;10.13,10.08;10.74,10.24;11.12,10.4;11.39,10.61;11.33,10.84;10.74,11.08;9.75,11.24;8.57,11.4;7.43,11.6;
201,10.28,2.4;10.86,2.74;11.11,2.98;11.77,3.24;12.11,3.56;12.53,3.88;12.9,4.11;13.25,4.34;13.56,4.56;13.88,4.78;14.29,4.99;14.51,5.21;14.71,5.43;14.97,5.65;15.26,5.87;15.26,6.09;15.26,6.31;15.26,6.53;15.26,6.75;15.26,6.97;15.26,7.19;15.26,7.41;15.26,7.63;15.26,7.8
182,11.07,2.83;11.88,3.3;12.07,4.33;11.88,5.3;11.07,6.28;9.48,7.39;7.39,8.14;5.73,8.74;4.69,9.38;4.18,10.04;4.06,10.65;4.25,11.14;4.72,11.88;5.47,12.5;6.49,13.2;7.76,13.8;9.21,14.4;10.65,16.2;11.75,18.2;12.1,20.2;11.36,22.8;9.69,24.6;7.7,25.3;5.73,26.9;4.69,28.5;4
693,10.01,0.0;10.01,0.0;10.01,0.0;10.01,0.0;10.01,0.0;10.01,0.0;10.01,0.0;10.01,0.0;10.01,0.0;10.01,0.0;10.01,0.0;10.01,0.0;10.01,0.0;10.01,0.0;10.01,0.0;10.01,0.0;10.01,0.0;10.01,0.0;10.01,0.0;10.01,0.0;10.01,0.0;10.01,0.0;10.01,0.0;10.01,0.0;10.01,0.0;10.01,0.0;
475,5.71,5.91;5.48,5.21;5.59,4.59;6.01,4.1;6.7,3.77;7.6,3.63;8.64,3.67;9.66,3.93;10.45,4.4;10.74,5.06;10.39,5.81;9.44,6.46;8.2,6.79;7.04,6.7;6.19,6.27;5.72,5.64;5.62,5.0;5.83,4.45;6.31,4.03;7.04,3.78;7.95,3.7;8.95,3.82;9.86,4.13;10.44,4.65;10.5,5.31;9.97,6.0;8.96,
793,11.05,0.18;13.05,0.2;15.05,0.25;17.05,0.3;19.05,0.35;21.05,0.37;23.05,0.39;25.05,0.41;27.05,0.43;29.05,0.44;31.05,0.45;33.05,0.46;35.05,0.47;37.05,0.48;39.05,0.49;41.05,0.5;43.05,0.51;45.05,0.52;47.05,0.53;49.05,0.54;51.05,0.55;53.05,0.56;55.05,0.57;57.05,0.58
745,2.83,0.07;3.32,0.06;3.83,0.05;4.12,0.04;4.61,0.03;5.11,0.02;5.62,0.01;6.32,0.01;7.79,0.01;9.57,0.01;11.68,0.01;14.15,0.01;16.94,0.01;19.94,0.01;22.84,0.01;24.95,0.01;24.94,0.01;20.95,0.01;13.1,0.01;5.92,0.01;2.39,0.01;1.08,0.01;0.58,0.01;0.37,0.01;0.28,0.01;0.
393,3.56,3.94;3.27,3.44;3.26,2.99;3.56,2.55;3.27,2.28;3.56,2.08;3.27,1.97;3.56,1.97;3.27,1.83;3.56,1.83;3.27,1.73;3.56,1.73;3.27,1.63;3.56,1.63;3.27,1.53;3.56,1.53;3.27,1.43;3.56,1.43;3.27,1.33;3.56,1.33;3.27,1.23;3.56,1.23;3.27,1.13;3.56,1.13;3.27,1.03;3.56,1.03;
446,5.39,5.14;3.3,4.85;2.01,4.17;1.54,3.28;1.47,2.43;1.65,1.76;2.06,1.33;2.76,1.04;3.84,0.92;5.39,0.86;7.48,0.87;9.97,1.32;12.36,2.82;13.57,4.77;12.13,6.32;8.03,8.17;5.39,10.72;3.3,10.32;2.01,8.42;1.54,6.32;1.47,4.77;1.65,3.83;2.06,2.81;2.76,1.13;3.84,0.94;5.39,0.
629,5.84,0.27;7.05,0.28;8.43,0.3;9.93,0.32;11.48,0.43;12.91,0.63;13.95,1.0;14.17,1.62;13.11,2.58;10.59,3.74;7.37,4.57;4.73,4.56;3.14,3.89;2.34,3.02;1.98,2.23;1.87,1.62;1.92,1.17;2.1,0.86;2.39,0.64;2.8,0.49;3.33,0.39;3.99,0.33;4.81,0.29;5.84,0.27;7.05,0.28;8.43,0.3
300,3.3,2.66;3.68,2.14;4.53,1.78;5.8,1.6;6.6,1.6;8.8,1.74;11.1,2.18;12.68,3.06;12.42,4.48;9.9,6.03;6.6,6.74;4.28,6.23;3.14,5.09;2.74,3.95;2.8,3.03;3.23,2.37;4.03,1.93;5.27,1.7;6.98,1.65;9.1,1.82;11.25,2.3;12.58,3.24;12.01,4.67;9.37,6.12;6.23,6.65;4.13,6.03;3.12,4.
51,10.28,5.54;10.52,5.51;10.65,5.48;10.66,5.44;10.54,5.41;10.3,5.39;9.95,5.37;9.54,5.33;9.1,5.29;8.65,5.25;8.25,5.21;7.9,5.17;7.63,5.11;7.45,5.09;7.36,5.07;7.36,4.95;7.45,4.83;7.62,4.71;7.87,4.61;8.19,4.51;8.56,4.41;8.97,4.31;10.28,4.21;10.52,4.11;10.65,4.01;10.6
965,8.05,2.63;7.61,2.72;7.18,2.81;6.78,2.9;6.35,2.95;6.02,3.01;5.68,3.07;5.29,3.13;4.91,3.17;4.5,3.22;4.28,3.28;4.01,3.31;3.74,3.33;3.42,3.35;3.14,3.37;2.88,3.39;2.6,3.41;2.38,3.43;2.14,3.45;1.9,3.47;1.8,3.49;1.81,3.51;1.91,3.53;1.91,3.55;1.91,3.57;1.91,3.59;1.91,
282,6.17,1.38;6.98,1.35;7.94,1.32;8.76,1.3;9.98,1.28;11.6,1.22;12.27,1.17;13.51,1.12;14.03,1.08;13.63,1.04;12.22,0.98;9.98,0.96;7.45,0.92;5.32,0.86;3.94,0.8;3.22,0.78;3.02,0.72;3.35,0.68;3.92,0.64;4.74,0.6;5.79,0.58;7.04,0.56;8.4,0.54;9.73,0.52;10.85,0.5;11.53,0.4
787,7.41,1.31;7.78,1.23;8.06,1.14;8.35,1.06;8.63,1.01;8.91,0.95;9.18,0.89;9.35,0.85;9.52,0.82;9.69,0.79;9.86,0.76;9.99,0.74;10.16,0.72;10.31,0.7;10.45,0.68;10.59,0.68;10.73,0.68;10.87,0.68;11.01,0.68;11.15,0.68;11.29,0.68;11.43,0.68;11.57,0.68;11.71,0.68;11.85,0.6
667,11.69,2.34;11.98,2.8;12.35,3.24;12.73,3.74;12.99,4.0;13.25,4.34;13.51,4.64;13.75,4.9;13.99,5.14;14.23,5.4;14.47,5.74;14.69,6.04;14.91,6.34;15.13,6.64;15.35,6.94;15.57,7.24;15.79,7.54;15.91,7.84;16.03,8.14;16.15,8.44;16.27,8.74;16.39,9.04;16.51,9.34;16.63,9.64;
962,4.85,0.66;5.5,0.59;6.1,0.53;6.8,0.47;7.5,0.43;8.2,0.41;8.9,0.39;9.6,0.37;10.4,0.35;11.1,0.33;11.8,0.31;12.5,0.3;13.2,0.28;13.8,0.26;14.4,0.24;15.1,0.22;15.8,0.2;16.5,0.18;17.2,0.16;17.9,0.14;18.6,0.12;19.3,0.1;20.0,0.08;20.7,0.06;21.4,0.04;22.1,0.02;22.8,0.01;
972,12.21,8.1;12.53,9.8;12.85,11.2;13.08,12.2;13.31,13.2;13.53,14.2;13.75,15.2;13.97,16.2;14.19,17.2;14.41,18.2;14.63,19.2;14.85,20.2;15.07,21.2;15.29,22.2;15.51,23.2;15.73,24.2;15.95,25.2;16.17,26.2;16.39,27.2;16.61,28.2;16.83,29.2;17.05,30.2;17.27,31.2;17.49,32.
433,6.08,7.04;4.67,6.67;3.75,5.88;3.48,4.65;3.58,3.25;3.98,2.4;4.67,2.05;5.66,1.85;6.93,1.81;8.42,1.93;9.94,2.25;11.6,3.69;11.15,2.82;10.97,3.3;9.64,5.22;7.74,5.91;5.85,5.96;4.49,5.39;3.75,4.52;3.48,3.65;3.58,2.93;3.98,2.4;4.67,2.05;5.66,1.85;6.93,1.81;8.42,1.93;9
371,7.8,8.04;4.6,10.2;2.6,12.4;1.4,14.6;0.7,16.8;0.4,18.0;0.3,19.2;0.2,20.4;0.2,21.6;0.2,22.8;0.2,23.8;0.2,24.8;0.2,25.8;0.2,26.8;0.2,27.8;0.2,28.8;0.2,29.8;0.2,30.8;0.2,31.8;0.2,32.8;0.2,33.8;0.2,34.8;0.2,35.8;0.2,36.8;0.2,37.8;0.2,38.8;0.2,39.8;0.2,40.8;0.2,41.8
466,0.94,3.95;0.95,3.25;0.96,2.65;0.97,2.06;0.98,1.5;0.99,1.06;1.01,0.7;1.02,0.4;1.03,0.1;1.04,0.01;1.05,0.001;1.06,0.0001;1.07,0.00001;1.08,0.000001;1.09,0.0000001;1.1,0.00000001;1.11,0.000000001;1.12,0.0000000001;1.13,0.00000000001;1.14,0.000000000001;1.15,0.000
290,6.28,3.95;5.51,3.8;5.16,3.51;5.06,3.09;5.17,2.71;5.45,2.41;5.9,2.18;6.5,2.02;7.22,1.94;8.03,1.92;8.88,1.98;9.7,2.12;10.38,2.35;10.81,2.66;10.91,3.05;10.61,3.47;9.95,3.88;9.03,4.19;8.03,4.34;7.09,4.3;6.34,4.09;5.82,3.77;5.53,3.41;5.46,3.05;5.57,2.73;5.84,2.47;6
549,1.33,1.25;1.51,0.86;1.81,0.6;2.25,0.44;2.88,0.34;3.72,0.28;4.84,0.25;6.25,0.26;7.99,0.31;9.99,0.42;12.0,0.67;13.43,1.22;13.13,2.32;10.11,3.93;5.88,4.96;3.1,4.54;1.9,3.44;1.45,2.41;1.33,1.65;1.39,1.12;1.59,0.77;1.93,0.55;2.43,0.41;3.11,0.32;4.03,0.27;5.23,0.26;
9,4.9,0.39;6.5,0.4;8.56,0.54;11.02,0.6;13.69,0.95;16.0,1.73;16.68,3.41;14.0,6.45;8.43,9.62;3.93,10.3;1.88,8.8;1.09,6.8;0.78,5.05;0.68,3.7;0.67,2.69;0.72,1.97;0.85,1.44;1.04,1.08;1.33,0.82;1.74,0.64;2.3,0.51;3.07,0.44;4.11,0.4;5.49,0.39;7.26,0.43;9.44,0.54;11.94,
92,8.13,1.75;7.06,1.98;6.03,2.2;5.06,2.45;4.03,2.68;3.14,2.91;2.5,3.14;2.14,3.37;1.96,3.62;1.9,3.85;1.94,4.08;2.06,4.31;2.25,4.54;2.51,4.77;2.85,5.01;3.27,5.24;3.78,5.57;4.37,5.89;5.04,6.22;5.78,6.55;6.59,6.88;7.42,7.21;8.25,7.54;9.02,7.87;9.69,8.20;10.18,8.53;10
354,9.62,1.55;10.12,1.65;10.14,1.75;9.77,1.85;9.11,1.95;8.29,2.05;7.51,2.1;7.03,2.05;6.18,2.05;5.72,2.05;4.83,2.05;4.49,2.05;4.55,2.05;4.93,2.05;5.58,2.05;6.48,2.05;7.51,2.05;8.79,2.05;9.99,2.05;10.39,2.05;11.56,2.05;12.22,2.05;13.68,2.05;14.37,2.05;13.88,2.05;12.
583,10.68,0.63;11.78,0.77;12.78,1.01;13.78,1.33;14.78,1.65;15.78,1.97;16.78,2.3;17.78,2.65;18.78,2.97;19.78,3.29;20.78,3.61;21.78,3.93;22.78,4.25;23.78,4.57;24.78,4.89;25.78,5.21;26.78,5.53;27.78,5.86;28.78,6.18;29.78,6.5;30.78,6.83;31.78,7.17;32.78,7.5;33.78,7.85
530,9.08,2.34;8.35,2.65;7.6,2.95;7.08,3.25;6.4,3.55;5.83,3.85;5.2,4.15;4.6,4.45;4.08,4.75;3.5,5.05;3.08,5.35;2.6,5.65;2.1,5.95;1.83,6.25;1.58,6.55;1.3,6.85;1.08,7.15;0.93,7.45;0.78,7.75;0.63,8.05;0.48,8.35;0.33,8.65;0.18,8.95;0.13,9.25;0.08,9.55;0.03,9.85;0.03,10.
345,1.05,0.1;1.25,0.08;1.47,0.06;1.73,0.04;2.07,0.03;2.51,0.02;3.05,0.01;3.71,0.01;4.51,0.01;5.47,0.01;6.6,0.01;7.9,0.01;9.36,0.01;10.92,0.01;12.47,0.01;13.79,0.01;14.42,0.01;13.64,0.01;10.73,0.01;6.39,0.01;3.08,0.01;1.6,0.01;1.05,0.01;0.86,0.01;0.82,0.01;0.87,0.0
262,1.65,2.23;1.39,1.21;1.36,0.87;1.41,0.63;1.54,0.46;1.72,0.34;1.96,0.26;2.27,0.2;2.64,0.16;3.1,0.14;3.63,0.12;4.24,0.11;4.95,0.1;5.74,0.11;6.62,0.12;7.57,0.13;8.57,0.16;9.58,0.2;10.56,0.27;11.43,0.38;12.1,0.55;12.44,0.8;12.27,1.18;11.43,1.71;9.81,2.35;7.61,2.95;
90,11.35,0.94;12.37,1.02;12.73,1.18;12.09,1.34;10.39,1.57;7.99,1.65;5.65,1.7;3.92,1.78;2.87,1.82;2.29,1.94;2.02,2.06;2.0,1.98;2.19,1.98;2.51,1.98;2.97,1.98;3.58,1.98;4.39,1.98;5.41,2.98;6.66,2.98;8.15,3.98;9.82,4.98;11.57,5.98;13.17,7.98;14.24,9.98;14.34,11.98;13
478,9.78,7.14;10.06,8.29;10.37,9.99;10.58,10.71;10.71,12.15;10.7,12.22;10.58,10.71;8.25,10.0;6.26,10.18;4.01,9.31;3.23,7.99;2.94,6.66;2.99,5.52;3.34,4.63;3.98,3.99;4.96,3.6;6.26,3.46;7.84,3.59;9.46,4.05;10.7,4.92;11.01,6.2;10.09,7.71;8.25,8.94;6.26,9.38;4.77,8.96;
573,8.06,2.29;9.51,2.25;11.03,2.21;11.2,2.17;11.2,2.13;11.2,2.09;11.2,2.05;11.2,2.01;11.2,1.97;11.2,1.93;11.2,1.89;11.2,1.85;11.2,1.81;11.2,1.77;11.2,1.73;11.2,1.69;11.2,1.65;11.2,1.61;11.2,1.57;11.2,1.53;11.2,1.50;11.2,1.46;11.2,1.42;11.2,1.38;11.2,1.34;11.2,1.30
803,9.8,2.78;10.8,2.88;11.5,2.98;12.2,3.08;12.8,3.18;13.3,3.28;13.8,3.38;14.1,3.48;14.4,3.58;14.7,3.68;14.9,3.78;15.1,3.88;15.3,3.98;15.5,4.08;15.7,4.18;15.9,4.28;16.1,4.38;16.3,4.48;16.5,4.58;16.7,4.68;16.9,4.78;17.1,4.88;17.3,4.98;17.5,5.08;17.7,5.18;17.9,5.28;1
257,9.88,2.53;10.18,2.74;10.34,3.04;10.48,3.34;10.58,3.64;10.68,3.94;10.78,4.24;10.88,4.54;10.98,4.84;11.08,5.14;11.18,5.44;11.26,5.74;11.37,6.05;11.48,6.35;11.58,6.65;11.68,6.95;11.79,7.25;11.88,7.55;11.98,7.85;12.08,8.15;12.18,8.45;12.28,8.75;12.38,9.05;12.48,9.
404,8.19,2.97;7.44,3.14;6.24,3.25;5.49,3.38;4.36,3.4;4.24,3.38;4.51,3.14;5.11,2.87;6.03,2.59;7.21,2.29;8.59,2.24;9.98,2.14;11.11,2.08;11.69,2.14;12.14,2.36;13.54,2.74;13.87,3.17;12.82,3.54;10.67,3.97;8.19,4.36;6.19,4.95;4.95,5.11;4.36,5.49;4.24,5.71;4.51,5.98;5.11
534,6.67,1.98;5.13,2.2;4.2,2.4;3.2,2.6;2.1,2.8;1.8,3.0;1.1,3.2;0.8,3.4;0.5,3.6;0.3,3.8;0.1,4.0;0.1,4.2;0.1,4.4;0.1,4.6;0.1,4.8;0.1,5.0;0.1,5.2;0.1,5.4;0.1,5.6;0.1,5.8;0.1,6.0;0.1,6.2;0.1,6.4;0.1,6.6;0.1,6.8;0.1,7.0;0.1,7.2;0.1,7.4;0.1,7.6;0.1,7.8;0.1,8.0;0.1,8.2;0
119,5.1,3.48;5.54,3.22;6.28,3.04;7.03,2.86;8.54,2.54;10.32,2.89;11.85,3.43;12.78,4.27;12.66,5.41;11.31,6.65;9.19,7.61;7.03,7.95;5.38,7.62;4.34,6.87;3.79,5.97;3.59,5.1;3.67,4.35;4.0,3.75;4.56,3.29;5.38,2.99;6.44,2.83;7.74,2.83;9.18,3.0;10.57,3.37;11.59,4.0;11.92,4.
459,5.13,2.43;6.22,2.2;7.56,2.01;8.9,1.94;10.47,2.33;11.01,2.83;11.39,3.5;10.6,4.13;8.9,4.8;6.97,5.03;5.44,4.75;4.53,4.13;4.18,3.46;4.27,2.86;4.72,2.42;5.5,2.13;6.59,1.99;7.92,2.0;9.31,2.65;10.47,3.33;11.01,3.83;11.39,4.5;10.61,4.96;9.31,5.68;7.56,5.13;6.0,5.15;4.
269,4.05,0.51;5.14,0.43;6.29,0.35;7.89,0.28;10.72,0.25;13.44,0.22;16.06,0.2;17.83,0.18;17.68,0.14;14.61,0.12;9.37,0.1;4.75,0.1;2.3,0.1;1.26,0.05;0.84,0.03;0.66,0.01;0.6,0.01;0.62,0.01;0.69,0.01;0.82,0.01;1.03,0.01;1.34,0.01;1.78,0.01;2.41,0.01;3.29,0.01;4.05,0.01;
297,9.03,1.59;11.75,1.48;12.22,1.39;11.6,1.29;9.87,1.2;7.5,1.1;5.28,1.0;3.71,0.9;2.8,0.8;2.37,0.7;2.25,0.6;2.37,0.5;2.72,0.4;3.32,0.3;4.24,0.2;5.54,0.1;7.28,0.1;9.46,0.0;11.91,0.0;14.24,0.0;15.76,0.0;15.67,0.0;13.43,0.0;9.53,0.0;5.65,0.0;3.16,0.0;1.96,0.0;1.44,0.0
373,5.2,1.13;5.2,1.07;5.2,1.03;5.2,1.01;5.2,1.01;5.2,1.01;5.2,1.01;5.2,1.01;5.2,1.01;5.2,1.01;5.2,1.01;5.2,1.01;5.2,1.01;5.2,1.01;5.2,1.01;5.2,1.01;5.2,1.01;5.2,1.01;5.2,1.01;5.2,1.01;5.2,1.01;5.2,1.01;5.2,1.01;5.2,1.01;5.2,1.01;5.2,1.01;5.2,1.01;5.2,1.01;5.2,1.01
105,8.62,1.79;8.49,1.81;8.33,1.83;8.18,1.85;8.05,1.87;7.92,1.89;7.79,1.91;7.67,1.93;7.55,1.95;7.43,1.97;7.31,1.99;7.18,2.01;7.05,2.03;6.92,2.05;6.8,2.07;6.73,2.09;6.61,2.11;6.49,2.13;6.37,2.15;6.25,2.17;6.13,2.19;6.01,2.21;5.91,2.23;5.82,2.25;5.74,2.27;5.66,2.29;5
276,9.58,3.3;9.9,3.34;10.31,3.38;10.64,3.42;11.06,3.46;11.34,3.5;11.67,3.54;11.99,3.58;12.39,3.62;12.84,3.66;13.19,3.7;13.44,3.74;13.79,3.78;14.07,3.82;14.34,3.86;14.69,3.9;14.95,3.94;15.21,3.98;15.47,4.02;15.73,4.06;15.99,4.08;16.25,4.08;16.51,4.08;16.77,4.08;16.
429,3.2,5.83;1.8,4.44;1.3,3.1;1.2,2.1;1.2,1.41;1.4,0.96;1.67,0.67;2.07,0.48;2.62,0.36;3.35,0.29;4.31,0.26;5.54,0.25;7.05,0.27;8.83,0.35;10.76,0.52;12.54,0.89;13.44,1.69;12.29,3.21;8.72,5.09;4.9,5.83;2.73,5.03;1.8,3.75;1.45,2.62;1.37,1.8;1.46,1.23;1.68,0.86;2.02,0.
